{
  "Lewis T": {
    "All Seasons": {
      "goals_scored": 51,
      "appearances": 30,
      "avg_team_goals_scored": 4.066666666666666,
      "avg_team_goals_conceded": 4.766666666666667,
      "win_rate": 33.33333333333333,
      "goals_per_game": 1.7
    },
    "Prem S1": {
      "goals_scored": 16,
      "appearances": 11,
      "avg_team_goals_scored": 4.909090909090909,
      "avg_team_goals_conceded": 4.545454545454546,
      "win_rate": 36.36363636363637,
      "goals_per_game": 1.4545454545454546
    },
    "Prem S2": {
      "goals_scored": 28,
      "appearances": 13,
      "avg_team_goals_scored": 4.0,
      "avg_team_goals_conceded": 5.230769230769231,
      "win_rate": 30.76923076923077,
      "goals_per_game": 2.1538461538461537
    },
    "Prem S3": {
      "goals_scored": 7,
      "appearances": 6,
      "avg_team_goals_scored": 2.6666666666666665,
      "avg_team_goals_conceded": 4.166666666666667,
      "win_rate": 33.33333333333333,
      "goals_per_game": 1.1666666666666667
    }
  },
  "Sam T": {
    "All Seasons": {
      "goals_scored": 21,
      "appearances": 34,
      "avg_team_goals_scored": 3.8823529411764706,
      "avg_team_goals_conceded": 4.764705882352941,
      "win_rate": 32.35294117647059,
      "goals_per_game": 0.6176470588235294
    },
    "Prem S1": {
      "goals_scored": 7,
      "appearances": 14,
      "avg_team_goals_scored": 4.428571428571429,
      "avg_team_goals_conceded": 4.571428571428571,
      "win_rate": 35.714285714285715,
      "goals_per_game": 0.5
    },
    "Prem S2": {
      "goals_scored": 9,
      "appearances": 12,
      "avg_team_goals_scored": 3.9166666666666665,
      "avg_team_goals_conceded": 5.083333333333333,
      "win_rate": 33.33333333333333,
      "goals_per_game": 0.75
    },
    "Prem S3": {
      "goals_scored": 5,
      "appearances": 8,
      "avg_team_goals_scored": 2.875,
      "avg_team_goals_conceded": 4.625,
      "win_rate": 25.0,
      "goals_per_game": 0.625
    }
  },
  "Jack J": {
    "All Seasons": {
      "goals_scored": 0,
      "appearances": 17,
      "avg_team_goals_scored": 3.2941176470588234,
      "avg_team_goals_conceded": 5.470588235294118,
      "win_rate": 17.647058823529413,
      "goals_per_game": 0.0
    },
    "Prem S1": {
      "goals_scored": 0,
      "appearances": 5,
      "avg_team_goals_scored": 2.8,
      "avg_team_goals_conceded": 6.6,
      "win_rate": 0.0,
      "goals_per_game": 0.0
    },
    "Prem S2": {
      "goals_scored": 0,
      "appearances": 8,
      "avg_team_goals_scored": 4.0,
      "avg_team_goals_conceded": 5.125,
      "win_rate": 25.0,
      "goals_per_game": 0.0
    },
    "Prem S3": {
      "goals_scored": 0,
      "appearances": 4,
      "avg_team_goals_scored": 2.5,
      "avg_team_goals_conceded": 4.75,
      "win_rate": 25.0,
      "goals_per_game": 0.0
    }
  },
  "Logan": {
    "All Seasons": {
      "goals_scored": 13,
      "appearances": 18,
      "avg_team_goals_scored": 3.9444444444444446,
      "avg_team_goals_conceded": 4.722222222222222,
      "win_rate": 33.33333333333333,
      "goals_per_game": 0.7222222222222222
    },
    "Prem S1": {
      "goals_scored": 10,
      "appearances": 12,
      "avg_team_goals_scored": 4.333333333333333,
      "avg_team_goals_conceded": 5.0,
      "win_rate": 33.33333333333333,
      "goals_per_game": 0.8333333333333334
    },
    "Prem S2": {
      "goals_scored": 0,
      "appearances": 0,
      "avg_team_goals_scored": 0.0,
      "avg_team_goals_conceded": 0.0,
      "win_rate": 0.0,
      "goals_per_game": 0.0
    },
    "Prem S3": {
      "goals_scored": 3,
      "appearances": 6,
      "avg_team_goals_scored": 3.1666666666666665,
      "avg_team_goals_conceded": 4.166666666666667,
      "win_rate": 33.33333333333333,
      "goals_per_game": 0.5
    }
  },
  "Bruce": {
    "All Seasons": {
      "goals_scored": 18,
      "appearances": 25,
      "avg_team_goals_scored": 4.16,
      "avg_team_goals_conceded": 4.8,
      "win_rate": 32.0,
      "goals_per_game": 0.72
    },
    "Prem S1": {
      "goals_scored": 10,
      "appearances": 14,
      "avg_team_goals_scored": 4.428571428571429,
      "avg_team_goals_conceded": 4.571428571428571,
      "win_rate": 35.714285714285715,
      "goals_per_game": 0.7142857142857143
    },
    "Prem S2": {
      "goals_scored": 3,
      "appearances": 6,
      "avg_team_goals_scored": 4.333333333333333,
      "avg_team_goals_conceded": 5.5,
      "win_rate": 33.33333333333333,
      "goals_per_game": 0.5
    },
    "Prem S3": {
      "goals_scored": 5,
      "appearances": 5,
      "avg_team_goals_scored": 3.2,
      "avg_team_goals_conceded": 4.6,
      "win_rate": 20.0,
      "goals_per_game": 1.0
    }
  },
  "Jake H": {
    "All Seasons": {
      "goals_scored": 10,
      "appearances": 26,
      "avg_team_goals_scored": 3.423076923076923,
      "avg_team_goals_conceded": 4.884615384615385,
      "win_rate": 26.923076923076923,
      "goals_per_game": 0.38461538461538464
    },
    "Prem S1": {
      "goals_scored": 5,
      "appearances": 10,
      "avg_team_goals_scored": 3.0,
      "avg_team_goals_conceded": 4.5,
      "win_rate": 20.0,
      "goals_per_game": 0.5
    },
    "Prem S2": {
      "goals_scored": 4,
      "appearances": 13,
      "avg_team_goals_scored": 4.0,
      "avg_team_goals_conceded": 5.230769230769231,
      "win_rate": 30.76923076923077,
      "goals_per_game": 0.3076923076923077
    },
    "Prem S3": {
      "goals_scored": 1,
      "appearances": 3,
      "avg_team_goals_scored": 2.3333333333333335,
      "avg_team_goals_conceded": 4.666666666666667,
      "win_rate": 33.33333333333333,
      "goals_per_game": 0.3333333333333333
    }
  },
  "Sam M": {
    "All Seasons": {
      "goals_scored": 10,
      "appearances": 14,
      "avg_team_goals_scored": 4.214285714285714,
      "avg_team_goals_conceded": 4.642857142857143,
      "win_rate": 35.714285714285715,
      "goals_per_game": 0.7142857142857143
    },
    "Prem S1": {
      "goals_scored": 7,
      "appearances": 11,
      "avg_team_goals_scored": 3.8181818181818183,
      "avg_team_goals_conceded": 4.636363636363637,
      "win_rate": 27.27272727272727,
      "goals_per_game": 0.6363636363636364
    },
    "Prem S2": {
      "goals_scored": 3,
      "appearances": 2,
      "avg_team_goals_scored": 8.0,
      "avg_team_goals_conceded": 3.5,
      "win_rate": 100.0,
      "goals_per_game": 1.5
    },
    "Prem S3": {
      "goals_scored": 0,
      "appearances": 1,
      "avg_team_goals_scored": 1.0,
      "avg_team_goals_conceded": 7.0,
      "win_rate": 0.0,
      "goals_per_game": 0.0
    }
  },
  "Ash": {
    "All Seasons": {
      "goals_scored": 7,
      "appearances": 15,
      "avg_team_goals_scored": 3.8,
      "avg_team_goals_conceded": 4.333333333333333,
      "win_rate": 33.33333333333333,
      "goals_per_game": 0.4666666666666667
    },
    "Prem S1": {
      "goals_scored": 4,
      "appearances": 3,
      "avg_team_goals_scored": 5.333333333333333,
      "avg_team_goals_conceded": 3.6666666666666665,
      "win_rate": 66.66666666666666,
      "goals_per_game": 1.3333333333333333
    },
    "Prem S2": {
      "goals_scored": 2,
      "appearances": 6,
      "avg_team_goals_scored": 3.8333333333333335,
      "avg_team_goals_conceded": 4.5,
      "win_rate": 33.33333333333333,
      "goals_per_game": 0.3333333333333333
    },
    "Prem S3": {
      "goals_scored": 1,
      "appearances": 6,
      "avg_team_goals_scored": 3.0,
      "avg_team_goals_conceded": 4.5,
      "win_rate": 16.666666666666664,
      "goals_per_game": 0.16666666666666666
    }
  },
  "TG": {
    "All Seasons": {
      "goals_scored": 4,
      "appearances": 6,
      "avg_team_goals_scored": 4.0,
      "avg_team_goals_conceded": 3.6666666666666665,
      "win_rate": 50.0,
      "goals_per_game": 0.6666666666666666
    },
    "Prem S1": {
      "goals_scored": 0,
      "appearances": 1,
      "avg_team_goals_scored": 1.0,