{
  "Lewis T": {
    "All Seasons": {
      "goals_scored": 47,
      "appearances": 26,
      "avg_team_goals_scored": 4.269230769230769,
      "avg_team_goals_conceded": 4.923076923076923,
      "win_rate": 34.61538461538461,
      "goals_per_game": 1.8076923076923077
    },
    "Prem S1": {
      "goals_scored": 16,
      "appearances": 11,
      "avg_team_goals_scored": 4.909090909090909,
      "avg_team_goals_conceded": 4.545454545454546,
      "win_rate": 36.36363636363637,
      "goals_per_game": 1.4545454545454546
    },
    "Prem S2": {
      "goals_scored": 28,
      "appearances": 13,
      "avg_team_goals_scored": 4.0,
      "avg_team_goals_conceded": 5.230769230769231,
      "win_rate": 30.76923076923077,
      "goals_per_game": 2.1538461538461537
    },
    "Prem S3": {
      "goals_scored": 3,
      "appearances": 2,
      "avg_team_goals_scored": 2.5,
      "avg_team_goals_conceded": 5.0,
      "win_rate": 50.0,
      "goals_per_game": 1.5
    }
  },
  "Sam T": {
    "All Seasons": {
      "goals_scored": 18,
      "appearances": 29,
      "avg_team_goals_scored": 4.068965517241379,
      "avg_team_goals_conceded": 4.896551724137931,
      "win_rate": 34.48275862068966,
      "goals_per_game": 0.6206896551724138
    },
    "Prem S1": {
      "goals_scored": 7,
      "appearances": 14,
      "avg_team_goals_scored": 4.428571428571429,
      "avg_team_goals_conceded": 4.571428571428571,
      "win_rate": 35.714285714285715,
      "goals_per_game": 0.5
    },
    "Prem S2": {
      "goals_scored": 9,
      "appearances": 12,
      "avg_team_goals_scored": 3.9166666666666665,
      "avg_team_goals_conceded": 5.083333333333333,
      "win_rate": 33.33333333333333,
      "goals_per_game": 0.75
    },
    "Prem S3": {
      "goals_scored": 2,
      "appearances": 3,
      "avg_team_goals_scored": 3.0,
      "avg_team_goals_conceded": 5.666666666666667,
      "win_rate": 33.33333333333333,
      "goals_per_game": 0.6666666666666666
    }
  },
  "Jack J": {
    "All Seasons": {
      "goals_scored": 0,
      "appearances": 14,
      "avg_team_goals_scored": 3.357142857142857,
      "avg_team_goals_conceded": 5.785714285714286,
      "win_rate": 14.285714285714285,
      "goals_per_game": 0.0
    },
    "Prem S1": {
      "goals_scored": 0,
      "appearances": 5,
      "avg_team_goals_scored": 2.8,
      "avg_team_goals_conceded": 6.6,
      "win_rate": 0.0,
      "goals_per_game": 0.0
    },
    "Prem S2": {
      "goals_scored": 0,
      "appearances": 8,
      "avg_team_goals_scored": 4.0,
      "avg_team_goals_conceded": 5.125,
      "win_rate": 25.0,
      "goals_per_game": 0.0
    },
    "Prem S3": {
      "goals_scored": 0,
      "appearances": 1,
      "avg_team_goals_scored": 1.0,
      "avg_team_goals_conceded": 7.0,
      "win_rate": 0.0,
      "goals_per_game": 0.0
    }
  },
  "Logan": {
    "All Seasons": {
      "goals_scored": 11,
      "appearances": 14,
      "avg_team_goals_scored": 4.285714285714286,
      "avg_team_goals_conceded": 5.0,
      "win_rate": 35.714285714285715,
      "goals_per_game": 0.7857142857142857
    },
    "Prem S1": {
      "goals_scored": 10,
      "appearances": 12,
      "avg_team_goals_scored": 4.333333333333333,
      "avg_team_goals_conceded": 5.0,
      "win_rate": 33.33333333333333,
      "goals_per_game": 0.8333333333333334
    },
    "Prem S2": {
      "goals_scored": 0,
      "appearances": 0,
      "avg_team_goals_scored": 0.0,
      "avg_team_goals_conceded": 0.0,
      "win_rate": 0.0,
      "goals_per_game": 0.0
    },
    "Prem S3": {
      "goals_scored": 1,
      "appearances": 2,
      "avg_team_goals_scored": 4.0,
      "avg_team_goals_conceded": 5.0,
      "win_rate": 50.0,
      "goals_per_game": 0.5
    }
  },
  "Bruce": {
    "All Seasons": {
      "goals_scored": 16,
      "appearances": 22,
      "avg_team_goals_scored": 4.363636363636363,
      "avg_team_goals_conceded": 4.863636363636363,
      "win_rate": 36.36363636363637,
      "goals_per_game": 0.7272727272727273
    },
    "Prem S1": {
      "goals_scored": 10,
      "appearances": 14,
      "avg_team_goals_scored": 4.428571428571429,
      "avg_team_goals_conceded": 4.571428571428571,
      "win_rate": 35.714285714285715,
      "goals_per_game": 0.7142857142857143
    },
    "Prem S2": {
      "goals_scored": 3,
      "appearances": 6,
      "avg_team_goals_scored": 4.333333333333333,
      "avg_team_goals_conceded": 5.5,
      "win_rate": 33.33333333333333,
      "goals_per_game": 0.5
    },
    "Prem S3": {
      "goals_scored": 3,
      "appearances": 2,
      "avg_team_goals_scored": 4.0,
      "avg_team_goals_conceded": 5.0,
      "win_rate": 50.0,
      "goals_per_game": 1.5
    }
  },
  "Jake H": {
    "All Seasons": {
      "goals_scored": 9,
      "appearances": 25,
      "avg_team_goals_scored": 3.48,
      "avg_team_goals_conceded": 4.92,
      "win_rate": 28.000000000000004,
      "goals_per_game": 0.36
    },
    "Prem S1": {
      "goals_scored": 5,
      "appearances": 10,
      "avg_team_goals_scored": 3.0,
      "avg_team_goals_conceded": 4.5,
      "win_rate": 20.0,
      "goals_per_game": 0.5
    },
    "Prem S2": {
      "goals_scored": 4,
      "appearances": 13,
      "avg_team_goals_scored": 4.0,
      "avg_team_goals_conceded": 5.230769230769231,
      "win_rate": 30.76923076923077,
      "goals_per_game": 0.3076923076923077
    },
    "Prem S3": {
      "goals_scored": 0,
      "appearances": 2,
      "avg_team_goals_scored": 2.5,
      "avg_team_goals_conceded": 5.0,
      "win_rate": 50.0,
      "goals_per_game": 0.0
    }
  },
  "Sam M": {
    "All Seasons": {
      "goals_scored": 10,
      "appearances": 14,
      "avg_team_goals_scored": 4.214285714285714,
      "avg_team_goals_conceded": 4.642857142857143,
      "win_rate": 35.714285714285715,
      "goals_per_game": 0.7142857142857143
    },
    "Prem S1": {
      "goals_scored": 7,
      "appearances": 11,
      "avg_team_goals_scored": 3.8181818181818183,
      "avg_team_goals_conceded": 4.636363636363637,
      "win_rate": 27.27272727272727,
      "goals_per_game": 0.6363636363636364
    },
    "Prem S2": {
      "goals_scored": 3,
      "appearances": 2,
      "avg_team_goals_scored": 8.0,
      "avg_team_goals_conceded": 3.5,
      "win_rate": 100.0,
      "goals_per_game": 1.5
    },
    "Prem S3": {
      "goals_scored": 0,
      "appearances": 1,
      "avg_team_goals_scored": 1.0,
      "avg_team_goals_conceded": 7.0,
      "win_rate": 0.0,
      "goals_per_game": 0.0
    }
  },
  "Ash": {
    "All Seasons": {
      "goals_scored": 6,
      "appearances": 10,
      "avg_team_goals_scored": 4.3,
      "avg_team_goals_conceded": 4.5,
      "win_rate": 40.0,
      "goals_per_game": 0.6
    },
    "Prem S1": {
      "goals_scored": 4,
      "appearances": 3,
      "avg_team_goals_scored": 5.333333333333333,
      "avg_team_goals_conceded": 3.6666666666666665,
      "win_rate": 66.66666666666666,
      "goals_per_game": 1.3333333333333333
    },
    "Prem S2": {
      "goals_scored": 2,
      "appearances": 6,
      "avg_team_goals_scored": 3.8333333333333335,
      "avg_team_goals_conceded": 4.5,
      "win_rate": 33.33333333333333,
      "goals_per_game": 0.3333333333333333
    },
    "Prem S3": {
      "goals_scored": 0,
      "appearances": 1,
      "avg_team_goals_scored": 4.0,
      "avg_team_goals_conceded": 7.0,
      "win_rate": 0.0,
      "goals_per_game": 0.0
    }
  },
  "TG": {
    "All Seasons": {
      "goals_scored": 3,
      "appearances": 3,
      "avg_team_goals_scored": 4.666666666666667,
      "avg_team_goals_conceded": 3.0,
      "win_rate": 66.66666666666666,
      "goals_per_game": 1.0
    },
    "Prem S1": {
      "goals_scored": 0,
      "appearances": 1,
      "avg_team_goals_scored": 1.0,
      "avg_team_goals_conceded": 3.0,
      "win_rate": 0.0,
      "goals_per_game": 0.0
    },
    "Prem S2": {
      "goals_scored": 3,
      "appearances": 1,
      "avg_team_goals_scored": 9.0,