{
  "Lewis T": {
    "All Seasons": {
      "goals_scored": 68,
      "appearances": 41,
      "avg_team_goals_scored": 4.7073170731707314,
      "avg_team_goals_conceded": 4.487804878048781,
      "win_rate": 41.46341463414634,
      "goals_per_game": 1.6585365853658536
    },
    "Prem S1": {
      "goals_scored": 16,
      "appearances": 11,
      "avg_team_goals_scored": 4.909090909090909,
      "avg_team_goals_conceded": 4.545454545454546,
      "win_rate": 36.36363636363637,
      "goals_per_game": 1.4545454545454546
    },
    "Prem S2": {
      "goals_scored": 28,
      "appearances": 13,
      "avg_team_goals_scored": 4.0,
      "avg_team_goals_conceded": 5.230769230769231,
      "win_rate": 30.76923076923077,
      "goals_per_game": 2.1538461538461537
    },
    "Prem S3": {
      "goals_scored": 14,
      "appearances": 11,
      "avg_team_goals_scored": 3.6363636363636362,
      "avg_team_goals_conceded": 4.0,
      "win_rate": 54.54545454545454,
      "goals_per_game": 1.2727272727272727
    },
    "Prem S4": {
      "goals_scored": 10,
      "appearances": 6,
      "avg_team_goals_scored": 7.833333333333333,
      "avg_team_goals_conceded": 3.6666666666666665,
      "win_rate": 50.0,
      "goals_per_game": 1.6666666666666667
    }
  },
  "Sam T": {
    "All Seasons": {
      "goals_scored": 21,
      "appearances": 41,
      "avg_team_goals_scored": 4.512195121951219,
      "avg_team_goals_conceded": 4.658536585365853,
      "win_rate": 34.146341463414636,
      "goals_per_game": 0.5121951219512195
    },
    "Prem S1": {
      "goals_scored": 7,
      "appearances": 14,
      "avg_team_goals_scored": 4.428571428571429,
      "avg_team_goals_conceded": 4.571428571428571,
      "win_rate": 35.714285714285715,
      "goals_per_game": 0.5
    },
    "Prem S2": {
      "goals_scored": 9,
      "appearances": 12,
      "avg_team_goals_scored": 3.9166666666666665,
      "avg_team_goals_conceded": 5.083333333333333,
      "win_rate": 33.33333333333333,
      "goals_per_game": 0.75
    },
    "Prem S3": {
      "goals_scored": 5,
      "appearances": 9,
      "avg_team_goals_scored": 3.2222222222222223,
      "avg_team_goals_conceded": 4.888888888888889,
      "win_rate": 22.22222222222222,
      "goals_per_game": 0.5555555555555556
    },
    "Prem S4": {
      "goals_scored": 0,
      "appearances": 6,
      "avg_team_goals_scored": 7.833333333333333,
      "avg_team_goals_conceded": 3.6666666666666665,
      "win_rate": 50.0,
      "goals_per_game": 0.0
    }
  },
  "Jack J": {
    "All Seasons": {
      "goals_scored": 0,
      "appearances": 27,
      "avg_team_goals_scored": 4.518518518518518,
      "avg_team_goals_conceded": 4.851851851851852,
      "win_rate": 33.33333333333333,
      "goals_per_game": 0.0
    },
    "Prem S1": {
      "goals_scored": 0,
      "appearances": 5,
      "avg_team_goals_scored": 2.8,
      "avg_team_goals_conceded": 6.6,
      "win_rate": 0.0,
      "goals_per_game": 0.0
    },
    "Prem S2": {
      "goals_scored": 0,
      "appearances": 8,
      "avg_team_goals_scored": 4.0,
      "avg_team_goals_conceded": 5.125,
      "win_rate": 25.0,
      "goals_per_game": 0.0
    },
    "Prem S3": {
      "goals_scored": 0,
      "appearances": 9,
      "avg_team_goals_scored": 3.5555555555555554,
      "avg_team_goals_conceded": 4.333333333333333,
      "win_rate": 44.44444444444444,
      "goals_per_game": 0.0
    },
    "Prem S4": {
      "goals_scored": 0,
      "appearances": 5,
      "avg_team_goals_scored": 8.8,
      "avg_team_goals_conceded": 3.6,
      "win_rate": 60.0,
      "goals_per_game": 0.0
    }
  },
  "Logan": {
    "All Seasons": {
      "goals_scored": 24,
      "appearances": 28,
      "avg_team_goals_scored": 4.785714285714286,
      "avg_team_goals_conceded": 4.285714285714286,
      "win_rate": 42.857142857142854,
      "goals_per_game": 0.8571428571428571
    },
    "Prem S1": {
      "goals_scored": 10,
      "appearances": 12,
      "avg_team_goals_scored": 4.333333333333333,
      "avg_team_goals_conceded": 5.0,
      "win_rate": 33.33333333333333,
      "goals_per_game": 0.8333333333333334
    },
    "Prem S2": {
      "goals_scored": 0,
      "appearances": 0,
      "avg_team_goals_scored": 0.0,
      "avg_team_goals_conceded": 0.0,
      "win_rate": 0.0,
      "goals_per_game": 0.0
    },
    "Prem S3": {
      "goals_scored": 6,
      "appearances": 10,
      "avg_team_goals_scored": 3.5,
      "avg_team_goals_conceded": 3.8,
      "win_rate": 50.0,
      "goals_per_game": 0.6
    },
    "Prem S4": {
      "goals_scored": 8,
      "appearances": 6,
      "avg_team_goals_scored": 7.833333333333333,
      "avg_team_goals_conceded": 3.6666666666666665,
      "win_rate": 50.0,
      "goals_per_game": 1.3333333333333333
    }
  },
  "Bruce": {
    "All Seasons": {
      "goals_scored": 25,
      "appearances": 37,
      "avg_team_goals_scored": 4.8108108108108105,
      "avg_team_goals_conceded": 4.486486486486487,
      "win_rate": 40.54054054054054,
      "goals_per_game": 0.6756756756756757
    },
    "Prem S1": {
      "goals_scored": 10,
      "appearances": 14,
      "avg_team_goals_scored": 4.428571428571429,
      "avg_team_goals_conceded": 4.571428571428571,
      "win_rate": 35.714285714285715,
      "goals_per_game": 0.7142857142857143
    },
    "Prem S2": {
      "goals_scored": 3,
      "appearances": 6,
      "avg_team_goals_scored": 4.333333333333333,
      "avg_team_goals_conceded": 5.5,
      "win_rate": 33.33333333333333,
      "goals_per_game": 0.5
    },
    "Prem S3": {
      "goals_scored": 9,
      "appearances": 11,
      "avg_team_goals_scored": 3.909090909090909,
      "avg_team_goals_conceded": 4.2727272727272725,
      "win_rate": 45.45454545454545,
      "goals_per_game": 0.8181818181818182
    },
    "Prem S4": {
      "goals_scored": 3,
      "appearances": 6,
      "avg_team_goals_scored": 7.833333333333333,
      "avg_team_goals_conceded": 3.6666666666666665,
      "win_rate": 50.0,
      "goals_per_game": 0.5
    }
  },
  "Jake H": {
    "All Seasons": {
      "goals_scored": 16,
      "appearances": 33,
      "avg_team_goals_scored": 4.424242424242424,
      "avg_team_goals_conceded": 4.696969696969697,
      "win_rate": 36.36363636363637,
      "goals_per_game": 0.48484848484848486
    },
    "Prem S1": {
      "goals_scored": 5,
      "appearances": 10,
      "avg_team_goals_scored": 3.0,
      "avg_team_goals_conceded": 4.5,
      "win_rate": 20.0,
      "goals_per_game": 0.5
    },
    "Prem S2": {
      "goals_scored": 4,
      "appearances": 13,
      "avg_team_goals_scored": 4.0,
      "avg_team_goals_conceded": 5.230769230769231,
      "win_rate": 30.76923076923077,
      "goals_per_game": 0.3076923076923077
    },
    "Prem S3": {
      "goals_scored": 6,
      "appearances": 7,
      "avg_team_goals_scored": 3.857142857142857,
      "avg_team_goals_conceded": 4.571428571428571,
      "win_rate": 57.14285714285714,
      "goals_per_game": 0.8571428571428571
    },
    "Prem S4": {
      "goals_scored": 1,
      "appearances": 3,
      "avg_team_goals_scored": 12.333333333333334,
      "avg_team_goals_conceded": 3.3333333333333335,
      "win_rate": 66.66666666666666,
      "goals_per_game": 0.3333333333333333
    }
  },
  "Sam M": {
    "All Seasons": {
      "goals_scored": 10,
      "appearances": 14,
      "avg_team_goals_scored": 4.214285714285714,
      "avg_team_goals_conceded": 4.642857142857143,
      "win_rate": 35.714285714285715,
      "goals_per_game": 0.7142857142857143
    },
    "Prem S1": {
      "goals_scored": 7,
      "appearances": 11,
      "avg_team_goals_scored": 3.8181818181818183,
      "avg_team_goals_conceded": 4.636363636363637,
      "win_rate": 27.27272727272727,
      "goals_per_game": 0.6363636363636364
    },
    "Prem S2": {
      "goals_scored": 3,
      "appearances": 2,
      "avg_team_goals_scored": 8.0,
      "avg_team_goals_conceded": 3.5,
      "win_rate": 100.0,
      "goals_per_game": 1.5
    },