{
  "Lewis T": {
    "All Seasons": {
      "goals_scored": 58,
      "appearances": 34,
      "avg_team_goals_scored": 4.205882352941177,
      "avg_team_goals_conceded": 4.705882352941177,
      "win_rate": 38.23529411764706,
      "goals_per_game": 1.7058823529411764
    },
    "Prem S1": {
      "goals_scored": 16,
      "appearances": 11,
      "avg_team_goals_scored": 4.909090909090909,
      "avg_team_goals_conceded": 4.545454545454546,
      "win_rate": 36.36363636363637,
      "goals_per_game": 1.4545454545454546
    },
    "Prem S2": {
      "goals_scored": 28,
      "appearances": 13,
      "avg_team_goals_scored": 4.0,
      "avg_team_goals_conceded": 5.230769230769231,
      "win_rate": 30.76923076923077,
      "goals_per_game": 2.1538461538461537
    },
    "Prem S3": {
      "goals_scored": 14,
      "appearances": 10,
      "avg_team_goals_scored": 3.7,
      "avg_team_goals_conceded": 4.2,
      "win_rate": 50.0,
      "goals_per_game": 1.4
    }
  },
  "Sam T": {
    "All Seasons": {
      "goals_scored": 21,
      "appearances": 35,
      "avg_team_goals_scored": 3.942857142857143,
      "avg_team_goals_conceded": 4.828571428571428,
      "win_rate": 31.428571428571427,
      "goals_per_game": 0.6
    },
    "Prem S1": {
      "goals_scored": 7,
      "appearances": 14,
      "avg_team_goals_scored": 4.428571428571429,
      "avg_team_goals_conceded": 4.571428571428571,
      "win_rate": 35.714285714285715,
      "goals_per_game": 0.5
    },
    "Prem S2": {
      "goals_scored": 9,
      "appearances": 12,
      "avg_team_goals_scored": 3.9166666666666665,
      "avg_team_goals_conceded": 5.083333333333333,
      "win_rate": 33.33333333333333,
      "goals_per_game": 0.75
    },
    "Prem S3": {
      "goals_scored": 5,
      "appearances": 9,
      "avg_team_goals_scored": 3.2222222222222223,
      "avg_team_goals_conceded": 4.888888888888889,
      "win_rate": 22.22222222222222,
      "goals_per_game": 0.5555555555555556
    }
  },
  "Jack J": {
    "All Seasons": {
      "goals_scored": 0,
      "appearances": 21,
      "avg_team_goals_scored": 3.5714285714285716,
      "avg_team_goals_conceded": 5.285714285714286,
      "win_rate": 23.809523809523807,
      "goals_per_game": 0.0
    },
    "Prem S1": {
      "goals_scored": 0,
      "appearances": 5,
      "avg_team_goals_scored": 2.8,
      "avg_team_goals_conceded": 6.6,
      "win_rate": 0.0,
      "goals_per_game": 0.0
    },
    "Prem S2": {
      "goals_scored": 0,
      "appearances": 8,
      "avg_team_goals_scored": 4.0,
      "avg_team_goals_conceded": 5.125,
      "win_rate": 25.0,
      "goals_per_game": 0.0
    },
    "Prem S3": {
      "goals_scored": 0,
      "appearances": 8,
      "avg_team_goals_scored": 3.625,
      "avg_team_goals_conceded": 4.625,
      "win_rate": 37.5,
      "goals_per_game": 0.0
    }
  },
  "Logan": {
    "All Seasons": {
      "goals_scored": 15,
      "appearances": 21,
      "avg_team_goals_scored": 4.0,
      "avg_team_goals_conceded": 4.571428571428571,
      "win_rate": 38.095238095238095,
      "goals_per_game": 0.7142857142857143
    },
    "Prem S1": {
      "goals_scored": 10,
      "appearances": 12,
      "avg_team_goals_scored": 4.333333333333333,
      "avg_team_goals_conceded": 5.0,
      "win_rate": 33.33333333333333,
      "goals_per_game": 0.8333333333333334
    },
    "Prem S2": {
      "goals_scored": 0,
      "appearances": 0,
      "avg_team_goals_scored": 0.0,
      "avg_team_goals_conceded": 0.0,
      "win_rate": 0.0,
      "goals_per_game": 0.0
    },
    "Prem S3": {
      "goals_scored": 5,
      "appearances": 9,
      "avg_team_goals_scored": 3.5555555555555554,
      "avg_team_goals_conceded": 4.0,
      "win_rate": 44.44444444444444,
      "goals_per_game": 0.5555555555555556
    }
  },
  "Bruce": {
    "All Seasons": {
      "goals_scored": 21,
      "appearances": 30,
      "avg_team_goals_scored": 4.266666666666667,
      "avg_team_goals_conceded": 4.733333333333333,
      "win_rate": 36.666666666666664,
      "goals_per_game": 0.7
    },
    "Prem S1": {
      "goals_scored": 10,
      "appearances": 14,
      "avg_team_goals_scored": 4.428571428571429,
      "avg_team_goals_conceded": 4.571428571428571,
      "win_rate": 35.714285714285715,
      "goals_per_game": 0.7142857142857143
    },
    "Prem S2": {
      "goals_scored": 3,
      "appearances": 6,
      "avg_team_goals_scored": 4.333333333333333,
      "avg_team_goals_conceded": 5.5,
      "win_rate": 33.33333333333333,
      "goals_per_game": 0.5
    },
    "Prem S3": {
      "goals_scored": 8,
      "appearances": 10,
      "avg_team_goals_scored": 4.0,
      "avg_team_goals_conceded": 4.5,
      "win_rate": 40.0,
      "goals_per_game": 0.8
    }
  },
  "Jake H": {
    "All Seasons": {
      "goals_scored": 15,
      "appearances": 29,
      "avg_team_goals_scored": 3.6551724137931036,
      "avg_team_goals_conceded": 4.931034482758621,
      "win_rate": 31.03448275862069,
      "goals_per_game": 0.5172413793103449
    },
    "Prem S1": {
      "goals_scored": 5,
      "appearances": 10,
      "avg_team_goals_scored": 3.0,
      "avg_team_goals_conceded": 4.5,
      "win_rate": 20.0,
      "goals_per_game": 0.5
    },
    "Prem S2": {
      "goals_scored": 4,
      "appearances": 13,
      "avg_team_goals_scored": 4.0,
      "avg_team_goals_conceded": 5.230769230769231,
      "win_rate": 30.76923076923077,
      "goals_per_game": 0.3076923076923077
    },
    "Prem S3": {
      "goals_scored": 6,
      "appearances": 6,
      "avg_team_goals_scored": 4.0,
      "avg_team_goals_conceded": 5.0,
      "win_rate": 50.0,
      "goals_per_game": 1.0
    }
  },
  "Sam M": {
    "All Seasons": {
      "goals_scored": 10,
      "appearances": 14,
      "avg_team_goals_scored": 4.214285714285714,
      "avg_team_goals_conceded": 4.642857142857143,
      "win_rate": 35.714285714285715,
      "goals_per_game": 0.7142857142857143
    },
    "Prem S1": {
      "goals_scored": 7,
      "appearances": 11,
      "avg_team_goals_scored": 3.8181818181818183,
      "avg_team_goals_conceded": 4.636363636363637,
      "win_rate": 27.27272727272727,
      "goals_per_game": 0.6363636363636364
    },
    "Prem S2": {
      "goals_scored": 3,
      "appearances": 2,
      "avg_team_goals_scored": 8.0,
      "avg_team_goals_conceded": 3.5,
      "win_rate": 100.0,
      "goals_per_game": 1.5
    },
    "Prem S3": {
      "goals_scored": 0,
      "appearances": 1,
      "avg_team_goals_scored": 1.0,
      "avg_team_goals_conceded": 7.0,
      "win_rate": 0.0,
      "goals_per_game": 0.0
    }
  },
  "Ash": {
    "All Seasons": {
      "goals_scored": 12,
      "appearances": 20,
      "avg_team_goals_scored": 4.05,
      "avg_team_goals_conceded": 4.35,
      "win_rate": 40.0,
      "goals_per_game": 0.6
    },
    "Prem S1": {
      "goals_scored": 4,
      "appearances": 3,
      "avg_team_goals_scored": 5.333333333333333,
      "avg_team_goals_conceded": 3.6666666666666665,
      "win_rate": 66.66666666666666,
      "goals_per_game": 1.3333333333333333
    },
    "Prem S2": {
      "goals_scored": 2,
      "appearances": 6,
      "avg_team_goals_scored": 3.8333333333333335,
      "avg_team_goals_conceded": 4.5,
      "win_rate": 33.33333333333333,
      "goals_per_game": 0.3333333333333333
    },
    "Prem S3": {
      "goals_scored": 6,
      "appearances": 11,
      "avg_team_goals_scored": 3.8181818181818183,
      "avg_team_goals_conceded": 4.454545454545454,
      "win_rate": 36.36363636363637,
      "goals_per_game": 0.5454545454545454
    }
  },
  "TG": {
    "All Seasons": {
      "goals_scored": 5,
      "appearances": 7,
      "avg_team_goals_scored": 3.857142857142857,
      "avg_team_goals_conceded": 3.857142857142857,
      "win_rate": 42.857142857142854,
      "goals_per_game": 0.7142857142857143
    },
    "Prem S1": {
      "goals_scored": 0,
      "appearances": 1,
      "avg_team_goals_scored": 1.0,
      "avg_team_goals_conceded": 3.0,