{
  "Lewis T": {
    "All Seasons": {
      "goals_scored": 57,
      "appearances": 33,
      "avg_team_goals_scored": 4.212121212121212,
      "avg_team_goals_conceded": 4.818181818181818,
      "win_rate": 36.36363636363637,
      "goals_per_game": 1.7272727272727273
    },
    "Prem S1": {
      "goals_scored": 16,
      "appearances": 11,
      "avg_team_goals_scored": 4.909090909090909,
      "avg_team_goals_conceded": 4.545454545454546,
      "win_rate": 36.36363636363637,
      "goals_per_game": 1.4545454545454546
    },
    "Prem S2": {
      "goals_scored": 28,
      "appearances": 13,
      "avg_team_goals_scored": 4.0,
      "avg_team_goals_conceded": 5.230769230769231,
      "win_rate": 30.76923076923077,
      "goals_per_game": 2.1538461538461537
    },
    "Prem S3": {
      "goals_scored": 13,
      "appearances": 9,
      "avg_team_goals_scored": 3.6666666666666665,
      "avg_team_goals_conceded": 4.555555555555555,
      "win_rate": 44.44444444444444,
      "goals_per_game": 1.4444444444444444
    }
  },
  "Sam T": {
    "All Seasons": {
      "goals_scored": 21,
      "appearances": 35,
      "avg_team_goals_scored": 3.942857142857143,
      "avg_team_goals_conceded": 4.828571428571428,
      "win_rate": 31.428571428571427,
      "goals_per_game": 0.6
    },
    "Prem S1": {
      "goals_scored": 7,
      "appearances": 14,
      "avg_team_goals_scored": 4.428571428571429,
      "avg_team_goals_conceded": 4.571428571428571,
      "win_rate": 35.714285714285715,
      "goals_per_game": 0.5
    },
    "Prem S2": {
      "goals_scored": 9,
      "appearances": 12,
      "avg_team_goals_scored": 3.9166666666666665,
      "avg_team_goals_conceded": 5.083333333333333,
      "win_rate": 33.33333333333333,
      "goals_per_game": 0.75
    },
    "Prem S3": {
      "goals_scored": 5,
      "appearances": 9,
      "avg_team_goals_scored": 3.2222222222222223,
      "avg_team_goals_conceded": 4.888888888888889,
      "win_rate": 22.22222222222222,
      "goals_per_game": 0.5555555555555556
    }
  },
  "Jack J": {
    "All Seasons": {
      "goals_scored": 0,
      "appearances": 19,
      "avg_team_goals_scored": 3.5789473684210527,
      "avg_team_goals_conceded": 5.526315789473684,
      "win_rate": 21.052631578947366,
      "goals_per_game": 0.0
    },
    "Prem S1": {
      "goals_scored": 0,
      "appearances": 5,
      "avg_team_goals_scored": 2.8,
      "avg_team_goals_conceded": 6.6,
      "win_rate": 0.0,
      "goals_per_game": 0.0
    },
    "Prem S2": {
      "goals_scored": 0,
      "appearances": 8,
      "avg_team_goals_scored": 4.0,
      "avg_team_goals_conceded": 5.125,
      "win_rate": 25.0,
      "goals_per_game": 0.0
    },
    "Prem S3": {
      "goals_scored": 0,
      "appearances": 6,
      "avg_team_goals_scored": 3.6666666666666665,
      "avg_team_goals_conceded": 5.166666666666667,
      "win_rate": 33.33333333333333,
      "goals_per_game": 0.0
    }
  },
  "Logan": {
    "All Seasons": {
      "goals_scored": 14,
      "appearances": 19,
      "avg_team_goals_scored": 4.052631578947368,
      "avg_team_goals_conceded": 4.7368421052631575,
      "win_rate": 36.84210526315789,
      "goals_per_game": 0.7368421052631579
    },
    "Prem S1": {
      "goals_scored": 10,
      "appearances": 12,
      "avg_team_goals_scored": 4.333333333333333,
      "avg_team_goals_conceded": 5.0,
      "win_rate": 33.33333333333333,
      "goals_per_game": 0.8333333333333334
    },
    "Prem S2": {
      "goals_scored": 0,
      "appearances": 0,
      "avg_team_goals_scored": 0.0,
      "avg_team_goals_conceded": 0.0,
      "win_rate": 0.0,
      "goals_per_game": 0.0
    },
    "Prem S3": {
      "goals_scored": 4,
      "appearances": 7,
      "avg_team_goals_scored": 3.5714285714285716,
      "avg_team_goals_conceded": 4.285714285714286,
      "win_rate": 42.857142857142854,
      "goals_per_game": 0.5714285714285714
    }
  },
  "Bruce": {
    "All Seasons": {
      "goals_scored": 19,
      "appearances": 28,
      "avg_team_goals_scored": 4.321428571428571,
      "avg_team_goals_conceded": 4.857142857142857,
      "win_rate": 35.714285714285715,
      "goals_per_game": 0.6785714285714286
    },
    "Prem S1": {
      "goals_scored": 10,
      "appearances": 14,
      "avg_team_goals_scored": 4.428571428571429,
      "avg_team_goals_conceded": 4.571428571428571,
      "win_rate": 35.714285714285715,
      "goals_per_game": 0.7142857142857143
    },
    "Prem S2": {
      "goals_scored": 3,
      "appearances": 6,
      "avg_team_goals_scored": 4.333333333333333,
      "avg_team_goals_conceded": 5.5,
      "win_rate": 33.33333333333333,
      "goals_per_game": 0.5
    },
    "Prem S3": {
      "goals_scored": 6,
      "appearances": 8,
      "avg_team_goals_scored": 4.125,
      "avg_team_goals_conceded": 4.875,
      "win_rate": 37.5,
      "goals_per_game": 0.75
    }
  },
  "Jake H": {
    "All Seasons": {
      "goals_scored": 15,
      "appearances": 29,
      "avg_team_goals_scored": 3.6551724137931036,
      "avg_team_goals_conceded": 4.931034482758621,
      "win_rate": 31.03448275862069,
      "goals_per_game": 0.5172413793103449
    },
    "Prem S1": {
      "goals_scored": 5,
      "appearances": 10,
      "avg_team_goals_scored": 3.0,
      "avg_team_goals_conceded": 4.5,
      "win_rate": 20.0,
      "goals_per_game": 0.5
    },
    "Prem S2": {
      "goals_scored": 4,
      "appearances": 13,
      "avg_team_goals_scored": 4.0,
      "avg_team_goals_conceded": 5.230769230769231,
      "win_rate": 30.76923076923077,
      "goals_per_game": 0.3076923076923077
    },
    "Prem S3": {
      "goals_scored": 6,
      "appearances": 6,
      "avg_team_goals_scored": 4.0,
      "avg_team_goals_conceded": 5.0,
      "win_rate": 50.0,
      "goals_per_game": 1.0
    }
  },
  "Sam M": {
    "All Seasons": {
      "goals_scored": 10,
      "appearances": 14,
      "avg_team_goals_scored": 4.214285714285714,
      "avg_team_goals_conceded": 4.642857142857143,
      "win_rate": 35.714285714285715,
      "goals_per_game": 0.7142857142857143
    },
    "Prem S1": {
      "goals_scored": 7,
      "appearances": 11,
      "avg_team_goals_scored": 3.8181818181818183,
      "avg_team_goals_conceded": 4.636363636363637,
      "win_rate": 27.27272727272727,
      "goals_per_game": 0.6363636363636364
    },
    "Prem S2": {
      "goals_scored": 3,
      "appearances": 2,
      "avg_team_goals_scored": 8.0,
      "avg_team_goals_conceded": 3.5,
      "win_rate": 100.0,
      "goals_per_game": 1.5
    },
    "Prem S3": {
      "goals_scored": 0,
      "appearances": 1,
      "avg_team_goals_scored": 1.0,
      "avg_team_goals_conceded": 7.0,
      "win_rate": 0.0,
      "goals_per_game": 0.0
    }
  },
  "Ash": {
    "All Seasons": {
      "goals_scored": 11,
      "appearances": 18,
      "avg_team_goals_scored": 4.111111111111111,
      "avg_team_goals_conceded": 4.5,
      "win_rate": 38.88888888888889,
      "goals_per_game": 0.6111111111111112
    },
    "Prem S1": {
      "goals_scored": 4,
      "appearances": 3,
      "avg_team_goals_scored": 5.333333333333333,
      "avg_team_goals_conceded": 3.6666666666666665,
      "win_rate": 66.66666666666666,
      "goals_per_game": 1.3333333333333333
    },
    "Prem S2": {
      "goals_scored": 2,
      "appearances": 6,
      "avg_team_goals_scored": 3.8333333333333335,
      "avg_team_goals_conceded": 4.5,
      "win_rate": 33.33333333333333,
      "goals_per_game": 0.3333333333333333
    },
    "Prem S3": {
      "goals_scored": 5,
      "appearances": 9,
      "avg_team_goals_scored": 3.888888888888889,
      "avg_team_goals_conceded": 4.777777777777778,
      "win_rate": 33.33333333333333,
      "goals_per_game": 0.5555555555555556
    }
  },
  "TG": {
    "All Seasons": {
      "goals_scored": 4,
      "appearances": 6,
      "avg_team_goals_scored": 4.0,
      "avg_team_goals_conceded": 3.6666666666666665,
      "win_rate": 50.0,